metric,chapter,pair,n_a,n_b,U,p,r,r_label,direction,median_a,median_b,bonf_sig,degenerate
BLEU,ch1,Form vs Ask,37,37,567.0,0.20587947582786115,-0.17165814463111762,small,Ask > Form,0.1644969387006633,0.2047499379512974,False,False
BLEU,ch1,Form vs Chat,37,39,804.5,0.3911975431295873,0.11503811503811501,small,Form > Chat,0.1644969387006633,0.1476690198576085,False,False
BLEU,ch1,Ask vs Chat,37,39,945.0,0.020466115340201794,0.30977130977130973,medium,Ask > Chat,0.2047499379512974,0.1476690198576085,False,False
BLEU,ch2,Form vs Ask,37,37,1028.0,0.00020876824205405659,0.5018261504747992,large,Form > Ask,0.1306553105799543,0.1000843740470858,True,False
BLEU,ch2,Form vs Chat,37,39,918.0,0.04165660250871108,0.2723492723492724,small,Form > Chat,0.1306553105799543,0.1194365489777643,False,False
BLEU,ch2,Ask vs Chat,37,39,620.5,0.2962745974348696,-0.13998613998613996,small,Chat > Ask,0.1000843740470858,0.1194365489777643,False,False
BLEU,ch3,Form vs Ask,37,37,976.0,0.0016506319759983195,0.4258582907231556,medium,Form > Ask,0.1043450400050206,0.0714070452509115,True,False
BLEU,ch3,Form vs Chat,37,39,1145.0,1.0775121904429918e-05,0.586971586971587,large,Form > Chat,0.1043450400050206,0.0638181334017036,True,False
BLEU,ch3,Ask vs Chat,37,39,842.0,0.21022744819591932,0.16701316701316693,small,Ask > Chat,0.0714070452509115,0.0638181334017036,False,False
BLEU,ch4,Form vs Ask,37,37,935.0,0.006827405520190438,0.36596055514974424,medium,Form > Ask,0.1066157694808963,0.0507709838259376,True,False
BLEU,ch4,Form vs Chat,37,39,840.0,0.21956156406093263,0.1642411642411643,small,Form > Chat,0.1066157694808963,0.0973141387361927,False,False
BLEU,ch4,Ask vs Chat,37,39,671.0,0.6004735286307503,-0.06999306999306998,negligible,Chat > Ask,0.0507709838259376,0.0973141387361927,False,False
BLEU,ch5,Form vs Ask,37,37,1027.0,2.6766922116955226e-05,0.5003652300949599,large,Form > Ask,0.0314902985136302,0.0,True,False
BLEU,ch5,Form vs Chat,37,39,663.0,0.5363107658569388,-0.08108108108108103,negligible,Chat > Form,0.0314902985136302,0.0441439094399845,False,False
BLEU,ch5,Ask vs Chat,37,39,398.0,8.734874366064097e-05,-0.4483714483714484,medium,Chat > Ask,0.0,0.0441439094399845,True,False
BLEU,ch6,Form vs Ask,37,37,803.0,0.2008452913186608,0.17311906501095686,small,Form > Ask,0.0506885875372092,0.0476925144188826,False,False
BLEU,ch6,Form vs Chat,37,39,514.0,0.031451651572430774,-0.28759528759528763,small,Chat > Form,0.0506885875372092,0.0854202117458568,False,False
BLEU,ch6,Ask vs Chat,37,39,496.0,0.018995238966596738,-0.3125433125433126,medium,Chat > Ask,0.0476925144188826,0.0854202117458568,False,False
ROUGE-1,ch1,Form vs Ask,37,37,431.0,0.006231631121492452,-0.3703433162892622,medium,Ask > Form,0.5306122448979592,0.6034482758620688,True,False
ROUGE-1,ch1,Form vs Chat,37,39,629.5,0.34161078392268673,-0.12751212751212748,small,Chat > Form,0.5306122448979592,0.5573770491803278,False,False
ROUGE-1,ch1,Ask vs Chat,37,39,962.5,0.012436717828334016,0.3340263340263341,medium,Ask > Chat,0.6034482758620688,0.5573770491803278,True,False
ROUGE-1,ch2,Form vs Ask,37,37,986.0,0.0011373203391907415,0.44046749452154854,medium,Form > Ask,0.4491525423728813,0.3857142857142857,True,False
ROUGE-1,ch2,Form vs Chat,37,39,860.5,0.15004450314981832,0.1926541926541927,small,Form > Chat,0.4491525423728813,0.410958904109589,False,False
ROUGE-1,ch2,Ask vs Chat,37,39,587.0,0.16373559683290329,-0.1864171864171864,small,Chat > Ask,0.3857142857142857,0.410958904109589,False,False
ROUGE-1,ch3,Form vs Ask,37,37,1336.5,1.87534807199474e-12,0.9525200876552229,large,Form > Ask,0.6037735849056604,0.3905723905723905,True,False
ROUGE-1,ch3,Form vs Chat,37,39,1114.5,4.521170613457048e-05,0.5446985446985446,large,Form > Chat,0.6037735849056604,0.446927374301676,True,False
ROUGE-1,ch3,Ask vs Chat,37,39,540.5,0.06067229871767278,-0.2508662508662509,small,Chat > Ask,0.3905723905723905,0.446927374301676,False,False
ROUGE-1,ch4,Form vs Ask,37,37,972.0,0.0019171752059699114,0.4200146092037984,medium,Form > Ask,0.492063492063492,0.3863636363636363,True,False
ROUGE-1,ch4,Form vs Chat,37,39,951.0,0.017318674565720674,0.31808731808731805,medium,Form > Chat,0.492063492063492,0.4409448818897638,False,False
ROUGE-1,ch4,Ask vs Chat,37,39,604.0,0.22400391462835956,-0.16285516285516288,small,Chat > Ask,0.3863636363636363,0.4409448818897638,False,False
ROUGE-1,ch5,Form vs Ask,37,37,931.0,0.007823869945396645,0.36011687363038725,medium,Form > Ask,0.2479338842975206,0.1833333333333333,True,False
ROUGE-1,ch5,Form vs Chat,37,39,535.5,0.05387510526270606,-0.2577962577962578,small,Chat > Form,0.2479338842975206,0.3174603174603174,False,False
ROUGE-1,ch5,Ask vs Chat,37,39,376.5,0.0003429780628991138,-0.4781704781704782,medium,Chat > Ask,0.1833333333333333,0.3174603174603174,True,False
ROUGE-1,ch6,Form vs Ask,37,37,624.0,0.516559292550911,-0.0883856829802776,negligible,Ask > Form,0.2531645569620253,0.2831050228310502,False,False
ROUGE-1,ch6,Form vs Chat,37,39,516.5,0.033562796447574324,-0.2841302841302842,small,Chat > Form,0.2531645569620253,0.3363914373088685,False,False
ROUGE-1,ch6,Ask vs Chat,37,39,607.0,0.2361172406501102,-0.15869715869715872,small,Chat > Ask,0.2831050228310502,0.3363914373088685,False,False
ROUGE-2,ch1,Form vs Ask,37,37,483.5,0.030187936724514752,-0.293644996347699,small,Ask > Form,0.3458646616541353,0.4333333333333333,False,False
ROUGE-2,ch1,Form vs Chat,37,39,691.5,0.759161915030182,-0.04158004158004158,negligible,Chat > Form,0.3458646616541353,0.3658536585365854,False,False
ROUGE-2,ch1,Ask vs Chat,37,39,934.0,0.027577483134596025,0.2945252945252945,small,Ask > Chat,0.4333333333333333,0.3658536585365854,False,False
ROUGE-2,ch2,Form vs Ask,37,37,1164.0,2.23730943077383e-07,0.7005113221329438,large,Form > Ask,0.3033707865168539,0.2164948453608247,True,False
ROUGE-2,ch2,Form vs Chat,37,39,962.0,0.012623941443832578,0.33333333333333326,medium,Form > Chat,0.3033707865168539,0.2738095238095238,True,False
ROUGE-2,ch2,Ask vs Chat,37,39,582.0,0.14858131328789995,-0.1933471933471933,small,Chat > Ask,0.2164948453608247,0.2738095238095238,False,False
ROUGE-2,ch3,Form vs Ask,37,37,1321.0,6.165266388884253e-12,0.9298758217677137,large,Form > Ask,0.4153005464480874,0.2018348623853211,True,False
ROUGE-2,ch3,Form vs Chat,37,39,1134.0,1.8545463241724764e-05,0.5717255717255718,large,Form > Chat,0.4153005464480874,0.2297297297297297,True,False
ROUGE-2,ch3,Ask vs Chat,37,39,516.5,0.033562796447574324,-0.2841302841302842,small,Chat > Ask,0.2018348623853211,0.2297297297297297,False,False
ROUGE-2,ch4,Form vs Ask,37,37,1010.0,0.00044204871691491416,0.4755295836376918,medium,Form > Ask,0.2978723404255319,0.174863387978142,True,False
ROUGE-2,ch4,Form vs Chat,37,39,1087.0,0.00014867577310674314,0.5065835065835065,large,Form > Chat,0.2978723404255319,0.2363636363636363,True,False
ROUGE-2,ch4,Ask vs Chat,37,39,685.5,0.7121708541715541,-0.0498960498960499,negligible,Chat > Ask,0.174863387978142,0.2363636363636363,False,False
ROUGE-2,ch5,Form vs Ask,37,37,1004.0,0.0005601560157749571,0.4667640613586559,medium,Form > Ask,0.1276595744680851,0.0508474576271186,True,False
ROUGE-2,ch5,Form vs Chat,37,39,669.0,0.5889032947483637,-0.07276507276507271,negligible,Chat > Form,0.1276595744680851,0.1481481481481481,False,False
ROUGE-2,ch5,Ask vs Chat,37,39,409.0,0.0011698520441377862,-0.43312543312543317,medium,Chat > Ask,0.0508474576271186,0.1481481481481481,True,False
ROUGE-2,ch6,Form vs Ask,37,37,753.0,0.4622505684034601,0.10007304601899203,small,Form > Ask,0.1166666666666666,0.1146496815286624,False,False
ROUGE-2,ch6,Form vs Chat,37,39,511.0,0.02907782244129938,-0.2917532917532918,small,Chat > Form,0.1166666666666666,0.1830985915492957,False,False
ROUGE-2,ch6,Ask vs Chat,37,39,507.0,0.02614844731944357,-0.29729729729729726,small,Chat > Ask,0.1146496815286624,0.1830985915492957,False,False
ROUGE-L,ch1,Form vs Ask,37,37,464.0,0.017381497447256578,-0.32213294375456536,medium,Ask > Form,0.4941176470588235,0.5862068965517242,False,False
ROUGE-L,ch1,Form vs Chat,37,39,729.5,0.9378696927410859,0.011088011088011163,negligible,Form > Chat,0.4941176470588235,0.5081967213114754,False,False
ROUGE-L,ch1,Ask vs Chat,37,39,986.0,0.006075081944948821,0.3665973665973665,medium,Ask > Chat,0.5862068965517242,0.5081967213114754,True,False
ROUGE-L,ch2,Form vs Ask,37,37,1097.0,8.42379723980254e-06,0.6026296566837108,large,Form > Ask,0.3853211009174312,0.3071428571428571,True,False
ROUGE-L,ch2,Form vs Chat,37,39,886.5,0.08734324383223781,0.2286902286902286,small,Form > Chat,0.3853211009174312,0.3547169811320755,False,False
ROUGE-L,ch2,Ask vs Chat,37,39,555.0,0.0844988505143882,-0.23076923076923073,small,Chat > Ask,0.3071428571428571,0.3547169811320755,False,False
ROUGE-L,ch3,Form vs Ask,37,37,1351.0,6.016549030058389e-13,0.9737034331628927,large,Form > Ask,0.5691056910569106,0.3272727272727272,True,False
ROUGE-L,ch3,Form vs Chat,37,39,1095.0,0.00010599696317698808,0.5176715176715176,large,Form > Chat,0.5691056910569106,0.3910614525139664,True,False
ROUGE-L,ch3,Ask vs Chat,37,39,528.0,0.04488072036664326,-0.26819126819126815,small,Chat > Ask,0.3272727272727272,0.3910614525139664,False,False
ROUGE-L,ch4,Form vs Ask,37,37,984.0,0.001227205955717202,0.43754565376187005,medium,Form > Ask,0.4161073825503356,0.2955665024630541,True,False
ROUGE-L,ch4,Form vs Chat,37,39,973.0,0.009091486876647514,0.34857934857934847,medium,Form > Chat,0.4161073825503356,0.3648648648648648,True,False
ROUGE-L,ch4,Ask vs Chat,37,39,620.5,0.29626799412139226,-0.13998613998613996,small,Chat > Ask,0.2955665024630541,0.3648648648648648,False,False
ROUGE-L,ch5,Form vs Ask,37,37,933.5,0.00721906714885981,0.36376917457998537,medium,Form > Ask,0.2178217821782178,0.1470588235294117,True,False
ROUGE-L,ch5,Form vs Chat,37,39,543.5,0.0650777998737406,-0.24670824670824676,small,Chat > Form,0.2178217821782178,0.2539682539682539,False,False
ROUGE-L,ch5,Ask vs Chat,37,39,397.0,0.0007591644031784936,-0.4497574497574498,medium,Chat > Ask,0.1470588235294117,0.2539682539682539,True,False
ROUGE-L,ch6,Form vs Ask,37,37,701.5,0.8584227167229281,0.0248356464572681,negligible,Form > Ask,0.1658536585365853,0.1940298507462686,False,False
ROUGE-L,ch6,Form vs Chat,37,39,471.5,0.009515598093867308,-0.34650034650034645,medium,Chat > Form,0.1658536585365853,0.2684563758389262,True,False
ROUGE-L,ch6,Ask vs Chat,37,39,518.5,0.03533482642207903,-0.28135828135828134,small,Chat > Ask,0.1940298507462686,0.2684563758389262,False,False
METEOR,ch1,Form vs Ask,37,37,518.0,0.07271407756244383,-0.2432432432432432,small,Ask > Form,0.4488625516712055,0.5020778448202602,False,False
METEOR,ch1,Form vs Chat,37,39,718.5,0.9792721059165368,-0.004158004158004158,negligible,Chat > Form,0.4488625516712055,0.4451391147404372,False,False
METEOR,ch1,Ask vs Chat,37,39,899.0,0.06584511691748648,0.24601524601524605,small,Ask > Chat,0.5020778448202602,0.4451391147404372,False,False
METEOR,ch2,Form vs Ask,37,37,1062.0,4.5869028283342774e-05,0.5514974433893354,large,Form > Ask,0.4361065045144648,0.3762328952716435,True,False
METEOR,ch2,Form vs Chat,37,39,875.0,0.11182217324508133,0.21275121275121278,small,Form > Chat,0.4361065045144648,0.4193302322098781,False,False
METEOR,ch2,Ask vs Chat,37,39,526.0,0.04270927181252227,-0.270963270963271,small,Chat > Ask,0.3762328952716435,0.4193302322098781,False,False
METEOR,ch3,Form vs Ask,37,37,1202.0,2.2802359112864473e-08,0.7560262965668372,large,Form > Ask,0.4155330490097696,0.3131376934235976,True,False
METEOR,ch3,Form vs Chat,37,39,1295.0,2.6020581626260533e-09,0.7948717948717949,large,Form > Chat,0.4155330490097696,0.2708627292884499,True,False
METEOR,ch3,Ask vs Chat,37,39,864.0,0.14001416333412497,0.19750519750519757,small,Ask > Chat,0.3131376934235976,0.2708627292884499,False,False
METEOR,ch4,Form vs Ask,37,37,1123.0,2.1883351157160743e-06,0.6406135865595326,large,Form > Ask,0.4191043385680063,0.2997641509433962,True,False
METEOR,ch4,Form vs Chat,37,39,1228.0,1.4517142166736176e-07,0.702009702009702,large,Form > Chat,0.4191043385680063,0.32866914816908,True,False
METEOR,ch4,Ask vs Chat,37,39,682.0,0.685252866853924,-0.05474705474705477,negligible,Chat > Ask,0.2997641509433962,0.32866914816908,False,False
METEOR,ch5,Form vs Ask,37,37,998.0,0.0007148123353227475,0.4579985390796202,medium,Form > Ask,0.331400003905716,0.2090460526315789,True,False
METEOR,ch5,Form vs Chat,37,39,715.0,0.950280358787428,-0.009009009009009028,negligible,Chat > Form,0.331400003905716,0.3251591435185185,False,False
METEOR,ch5,Ask vs Chat,37,39,400.5,0.0008659565422212885,-0.44490644490644493,medium,Chat > Ask,0.2090460526315789,0.3251591435185185,True,False
METEOR,ch6,Form vs Ask,37,37,753.0,0.4622505684034601,0.10007304601899203,small,Form > Ask,0.2602710006706192,0.2435661949212084,False,False
METEOR,ch6,Form vs Chat,37,39,594.0,0.18688495707084318,-0.17671517671517667,small,Chat > Form,0.2602710006706192,0.3154594167685887,False,False
METEOR,ch6,Ask vs Chat,37,39,542.0,0.06284851736836229,-0.24878724878724878,small,Chat > Ask,0.2435661949212084,0.3154594167685887,False,False
BERTScore_Precision,ch1,Form vs Ask,37,37,538.0,0.11447334260713284,-0.21402483564645725,small,Ask > Form,0.8525105118751526,0.8627491593360901,False,False
BERTScore_Precision,ch1,Form vs Chat,37,39,766.5,0.6437439945640882,0.06237006237006226,negligible,Form > Chat,0.8525105118751526,0.8512099385261536,False,False
BERTScore_Precision,ch1,Ask vs Chat,37,39,909.0,0.051967626435455584,0.25987525987525983,small,Ask > Chat,0.8627491593360901,0.8512099385261536,False,False
BERTScore_Precision,ch2,Form vs Ask,37,37,739.0,0.5593599722856861,0.0796201607012419,negligible,Form > Ask,0.8712940812110901,0.863762617111206,False,False
BERTScore_Precision,ch2,Form vs Chat,37,39,619.0,0.28912760250214475,-0.1420651420651421,small,Chat > Form,0.8712940812110901,0.8754652738571167,False,False
BERTScore_Precision,ch2,Ask vs Chat,37,39,545.0,0.06738701431196564,-0.24462924462924462,small,Chat > Ask,0.863762617111206,0.8754652738571167,False,False
BERTScore_Precision,ch3,Form vs Ask,37,37,1209.0,1.4706847819355007e-08,0.7662527392257121,large,Form > Ask,0.892830491065979,0.8672388195991516,True,False
BERTScore_Precision,ch3,Form vs Chat,37,39,949.0,0.018319182439920888,0.3153153153153154,medium,Form > Chat,0.892830491065979,0.8875646591186523,False,False
BERTScore_Precision,ch3,Ask vs Chat,37,39,389.0,0.0005599272199892352,-0.46084546084546085,medium,Chat > Ask,0.8672388195991516,0.8875646591186523,True,False
BERTScore_Precision,ch4,Form vs Ask,37,37,711.0,0.7786450188439431,0.0387143900657414,negligible,Form > Ask,0.8554561734199524,0.8517333269119263,False,False
BERTScore_Precision,ch4,Form vs Chat,37,39,585.0,0.15754593684647156,-0.18918918918918914,small,Chat > Form,0.8554561734199524,0.8687048554420471,False,False
BERTScore_Precision,ch4,Ask vs Chat,37,39,595.0,0.19038231403120798,-0.17532917532917536,small,Chat > Ask,0.8517333269119263,0.8687048554420471,False,False
BERTScore_Precision,ch5,Form vs Ask,37,37,698.0,0.8882312792425544,0.019722425127830512,negligible,Form > Ask,0.8118793964385986,0.8023055195808411,False,False
BERTScore_Precision,ch5,Form vs Chat,37,39,403.0,0.0009504427406631542,-0.4414414414414415,medium,Chat > Form,0.8118793964385986,0.8380614519119263,True,False
BERTScore_Precision,ch5,Ask vs Chat,37,39,507.0,0.02614947014785256,-0.29729729729729726,small,Chat > Ask,0.8023055195808411,0.8380614519119263,False,False
BERTScore_Precision,ch6,Form vs Ask,37,37,460.0,0.01544990499449387,-0.3279766252739226,medium,Ask > Form,0.8224607110023499,0.8603230118751526,True,False
BERTScore_Precision,ch6,Form vs Chat,37,39,415.0,0.0014721809792675232,-0.42480942480942485,medium,Chat > Form,0.8224607110023499,0.8610349297523499,True,False
BERTScore_Precision,ch6,Ask vs Chat,37,39,653.0,0.4797581667868803,-0.09494109494109493,negligible,Chat > Ask,0.8603230118751526,0.8610349297523499,False,False
BERTScore_Recall,ch1,Form vs Ask,37,37,510.0,0.05995710123638466,-0.25493060628195763,small,Ask > Form,0.8777347207069397,0.8886516690254211,False,False
BERTScore_Recall,ch1,Form vs Chat,37,39,721.5,1.0,0.0,negligible,tie,0.8777347207069397,0.880673348903656,False,False
BERTScore_Recall,ch1,Ask vs Chat,37,39,900.0,0.06433241545360725,0.24740124740124747,small,Ask > Chat,0.8886516690254211,0.880673348903656,False,False
BERTScore_Recall,ch2,Form vs Ask,37,37,952.0,0.00389516558745122,0.39079620160701234,medium,Form > Ask,0.908771812915802,0.902538239955902,True,False
BERTScore_Recall,ch2,Form vs Chat,37,39,749.0,0.7790186542566937,0.038115038115038136,negligible,Form > Chat,0.908771812915802,0.9101102352142334,False,False
BERTScore_Recall,ch2,Ask vs Chat,37,39,491.0,0.01683551729232088,-0.3194733194733195,medium,Chat > Ask,0.902538239955902,0.9101102352142334,False,False
BERTScore_Recall,ch3,Form vs Ask,37,37,1260.0,5.089876056859437e-10,0.8407596785975164,large,Form > Ask,0.9143073558807372,0.8801848292350769,True,False
BERTScore_Recall,ch3,Form vs Chat,37,39,1315.0,7.14850030862393e-10,0.8225918225918225,large,Form > Chat,0.9143073558807372,0.8675548434257507,True,False
BERTScore_Recall,ch3,Ask vs Chat,37,39,757.0,0.7160534326447967,0.0492030492030493,negligible,Ask > Chat,0.8801848292350769,0.8675548434257507,False,False
BERTScore_Recall,ch4,Form vs Ask,37,37,1214.0,1.0715051619550086e-08,0.7735573411249086,large,Form > Ask,0.9025004506111144,0.8811095952987671,True,False
BERTScore_Recall,ch4,Form vs Chat,37,39,1385.0,5.571566674538437e-12,0.9196119196119197,large,Form > Chat,0.9025004506111144,0.8675462603569031,True,False
BERTScore_Recall,ch4,Ask vs Chat,37,39,935.0,0.02685683748509564,0.29591129591129595,small,Ask > Chat,0.8811095952987671,0.8675462603569031,False,False
BERTScore_Recall,ch5,Form vs Ask,37,37,903.0,0.018433585654330363,0.31921110299488675,medium,Form > Ask,0.8895692825317383,0.8784063458442688,False,False
BERTScore_Recall,ch5,Form vs Chat,37,39,620.0,0.2938847338637186,-0.14067914067914067,small,Chat > Form,0.8895692825317383,0.8909757733345032,False,False
BERTScore_Recall,ch5,Ask vs Chat,37,39,438.0,0.003270870009876281,-0.3929313929313929,medium,Chat > Ask,0.8784063458442688,0.8909757733345032,True,False
BERTScore_Recall,ch6,Form vs Ask,37,37,725.0,0.6654224967719451,0.059167275383491535,negligible,Form > Ask,0.8835717439651489,0.8846580386161804,False,False
BERTScore_Recall,ch6,Form vs Chat,37,39,561.0,0.096351734938341,-0.2224532224532224,small,Chat > Form,0.8835717439651489,0.900667130947113,False,False
BERTScore_Recall,ch6,Ask vs Chat,37,39,541.0,0.06139303142220748,-0.2501732501732502,small,Chat > Ask,0.8846580386161804,0.900667130947113,False,False
BERTScore_F1,ch1,Form vs Ask,37,37,509.0,0.058501652568864325,-0.256391526661797,small,Ask > Form,0.8629429790969803,0.8747872086273147,False,False
BERTScore_F1,ch1,Form vs Chat,37,39,715.5,0.9544183244739993,-0.008316008316008316,negligible,Chat > Form,0.8629429790969803,0.8646601498055327,False,False
BERTScore_F1,ch1,Ask vs Chat,37,39,951.0,0.017317910059330102,0.31808731808731805,medium,Ask > Chat,0.8747872086273147,0.8646601498055327,False,False
BERTScore_F1,ch2,Form vs Ask,37,37,881.0,0.03409466742753333,0.2870708546384222,small,Form > Ask,0.8918483892498602,0.8811664436245376,False,False
BERTScore_F1,ch2,Form vs Chat,37,39,668.0,0.5817682289932238,-0.07415107415107414,negligible,Chat > Form,0.8918483892498602,0.8958672325534451,False,False
BERTScore_F1,ch2,Ask vs Chat,37,39,487.0,0.015021909662592772,-0.32501732501732505,medium,Chat > Ask,0.8811664436245376,0.8958672325534451,True,False
BERTScore_F1,ch3,Form vs Ask,37,37,1323.0,5.2963106911584854e-12,0.9327976625273922,large,Form > Ask,0.9051571111622,0.873968275965293,True,False
BERTScore_F1,ch3,Form vs Chat,37,39,1228.0,1.4514305304795959e-07,0.702009702009702,large,Form > Chat,0.9051571111622,0.8791210933669907,True,False
BERTScore_F1,ch3,Ask vs Chat,37,39,562.0,0.09845075776348516,-0.2210672210672211,small,Chat > Ask,0.873968275965293,0.8791210933669907,False,False
BERTScore_F1,ch4,Form vs Ask,37,37,977.0,0.0015950879250437927,0.42731921110299487,medium,Form > Ask,0.8763712061721148,0.8589140456138198,True,False
BERTScore_F1,ch4,Form vs Chat,37,39,1048.0,0.0007041982409622229,0.45252945252945254,medium,Form > Chat,0.8763712061721148,0.8685622205748208,True,False
BERTScore_F1,ch4,Ask vs Chat,37,39,686.0,0.7160552894594225,-0.04920304920304919,negligible,Chat > Ask,0.8589140456138198,0.8685622205748208,False,False
BERTScore_F1,ch5,Form vs Ask,37,37,755.0,0.4491888889085044,0.10299488677867052,small,Form > Ask,0.8506938938484414,0.8383251438704781,False,False
BERTScore_F1,ch5,Form vs Chat,37,39,465.0,0.007803220182339921,-0.3555093555093555,medium,Chat > Form,0.8506938938484414,0.8622082160335491,True,False
BERTScore_F1,ch5,Ask vs Chat,37,39,444.0,0.003993063003993328,-0.3846153846153846,medium,Chat > Ask,0.8383251438704781,0.8622082160335491,True,False
BERTScore_F1,ch6,Form vs Ask,37,37,574.0,0.23435829904992733,-0.16143170197224255,small,Ask > Form,0.8518015112473383,0.8683121180374096,False,False
BERTScore_F1,ch6,Form vs Chat,37,39,440.0,0.0034969569043382877,-0.39015939015939016,medium,Chat > Form,0.8518015112473383,0.8735579836334771,True,False
BERTScore_F1,ch6,Ask vs Chat,37,39,569.0,0.11418394435635856,-0.21136521136521136,small,Chat > Ask,0.8683121180374096,0.8735579836334771,False,False
SBERT_ModernBERT,ch1,Form vs Ask,37,37,524.0,0.08367399556769879,-0.2344777209642075,small,Ask > Form,0.9752354621887208,0.9777936935424804,False,False
SBERT_ModernBERT,ch1,Form vs Chat,37,39,760.5,0.6890719076844279,0.054054054054053946,negligible,Form > Chat,0.9752354621887208,0.9743316769599916,False,False
SBERT_ModernBERT,ch1,Ask vs Chat,37,39,903.0,0.05996556778850522,0.2515592515592515,small,Ask > Chat,0.9777936935424804,0.9743316769599916,False,False
SBERT_ModernBERT,ch2,Form vs Ask,37,37,784.0,0.2844905398548949,0.14536157779401027,small,Form > Ask,0.9810811877250672,0.9784992933273317,False,False
SBERT_ModernBERT,ch2,Form vs Chat,37,39,556.0,0.08638807881443877,-0.22938322938322941,small,Chat > Form,0.9810811877250672,0.982797622680664,False,False
SBERT_ModernBERT,ch2,Ask vs Chat,37,39,485.0,0.014181397184697096,-0.3277893277893278,medium,Chat > Ask,0.9784992933273317,0.982797622680664,True,False
SBERT_ModernBERT,ch3,Form vs Ask,37,37,1160.0,2.8182737385465267e-07,0.6946676406135865,large,Form > Ask,0.982093632221222,0.9735682606697084,True,False
SBERT_ModernBERT,ch3,Form vs Chat,37,39,1236.0,9.205004649313889e-08,0.7130977130977132,large,Form > Chat,0.982093632221222,0.9751412868499756,True,False
SBERT_ModernBERT,ch3,Ask vs Chat,37,39,712.0,0.9254803660684465,-0.013167013167013186,negligible,Chat > Ask,0.9735682606697084,0.9751412868499756,False,False
SBERT_ModernBERT,ch4,Form vs Ask,37,37,831.0,0.11447334260713284,0.21402483564645736,small,Form > Ask,0.9716208577156068,0.9682355523109436,False,False
SBERT_ModernBERT,ch4,Form vs Chat,37,39,809.0,0.36591940299338566,0.1212751212751213,small,Form > Chat,0.9716208577156068,0.9739231467247008,False,False
SBERT_ModernBERT,ch4,Ask vs Chat,37,39,675.0,0.6326126272884234,-0.0644490644490644,negligible,Chat > Ask,0.9682355523109436,0.9739231467247008,False,False
SBERT_ModernBERT,ch5,Form vs Ask,37,37,657.0,0.7703659777462954,-0.04017531044558076,negligible,Ask > Form,0.9442121386528016,0.9440641403198242,False,False
SBERT_ModernBERT,ch5,Form vs Chat,37,39,437.0,0.0031627919474084276,-0.3943173943173943,medium,Chat > Form,0.9442121386528016,0.9542227983474731,True,False
SBERT_ModernBERT,ch5,Ask vs Chat,37,39,516.0,0.033134258284041644,-0.2848232848232848,small,Chat > Ask,0.9440641403198242,0.9542227983474731,False,False
SBERT_ModernBERT,ch6,Form vs Ask,37,37,495.0,0.041025371064876116,-0.2768444119795471,small,Ask > Form,0.9614580273628236,0.9744662046432496,False,False
SBERT_ModernBERT,ch6,Form vs Chat,37,39,434.0,0.0028576071006567003,-0.3984753984753985,medium,Chat > Form,0.9614580273628236,0.9755862951278688,True,False
SBERT_ModernBERT,ch6,Ask vs Chat,37,39,616.0,0.27517831950307736,-0.14622314622314625,small,Chat > Ask,0.9744662046432496,0.9755862951278688,False,False
SBERT_MiniLM,ch1,Form vs Ask,37,37,454.0,0.012899811826169342,-0.3367421475529584,medium,Ask > Form,0.6156090497970581,0.764590322971344,True,False
SBERT_MiniLM,ch1,Form vs Chat,37,39,694.5,0.7830060664031541,-0.037422037422037424,negligible,Chat > Form,0.6156090497970581,0.6428796052932739,False,False
SBERT_MiniLM,ch1,Ask vs Chat,37,39,952.0,0.01683551729232088,0.3194733194733195,medium,Ask > Chat,0.764590322971344,0.6428796052932739,False,False
SBERT_MiniLM,ch2,Form vs Ask,37,37,763.0,0.39908543530758167,0.11468224981738495,small,Form > Ask,0.7671583890914917,0.7615209817886353,False,False
SBERT_MiniLM,ch2,Form vs Chat,37,39,948.0,0.018838561036420242,0.313929313929314,medium,Form > Chat,0.7671583890914917,0.723979115486145,False,False
SBERT_MiniLM,ch2,Ask vs Chat,37,39,846.0,0.19751183787551718,0.17255717255717262,small,Ask > Chat,0.7615209817886353,0.723979115486145,False,False
SBERT_MiniLM,ch3,Form vs Ask,37,37,778.0,0.31469451135815185,0.13659605551497433,small,Form > Ask,0.7786111831665039,0.7640495300292969,False,False
SBERT_MiniLM,ch3,Form vs Chat,37,39,1105.0,6.881782238570618e-05,0.5315315315315314,large,Form > Chat,0.7786111831665039,0.6998416185379028,True,False
SBERT_MiniLM,ch3,Ask vs Chat,37,39,915.0,0.0448821838700519,0.26819126819126815,small,Ask > Chat,0.7640495300292969,0.6998416185379028,False,False
SBERT_MiniLM,ch4,Form vs Ask,37,37,659.0,0.7869492563467438,-0.03725346968590215,negligible,Ask > Form,0.6932883858680725,0.6978575587272644,False,False
SBERT_MiniLM,ch4,Form vs Chat,37,39,480.0,0.012259654434901575,-0.3347193347193347,medium,Chat > Form,0.6932883858680725,0.7510077953338623,True,False
SBERT_MiniLM,ch4,Ask vs Chat,37,39,578.0,0.13724721057676892,-0.19889119889119888,small,Chat > Ask,0.6978575587272644,0.7510077953338623,False,False
SBERT_MiniLM,ch5,Form vs Ask,37,37,819.0,0.1474297335949076,0.19649379108838572,small,Form > Ask,0.5076397061347961,0.4661903381347656,False,False
SBERT_MiniLM,ch5,Form vs Chat,37,39,531.0,0.048317431855780975,-0.264033264033264,small,Chat > Form,0.5076397061347961,0.5777539610862732,False,False
SBERT_MiniLM,ch5,Ask vs Chat,37,39,451.0,0.005016659708304522,-0.37491337491337495,medium,Chat > Ask,0.4661903381347656,0.5777539610862732,True,False
SBERT_MiniLM,ch6,Form vs Ask,37,37,642.0,0.649785082028586,-0.06208911614317014,negligible,Ask > Form,0.6835849285125732,0.7175378799438477,False,False
SBERT_MiniLM,ch6,Form vs Chat,37,39,606.0,0.2320322726467804,-0.16008316008316004,small,Chat > Form,0.6835849285125732,0.7342041730880737,False,False
SBERT_MiniLM,ch6,Ask vs Chat,37,39,668.0,0.5817682289932238,-0.07415107415107414,negligible,Chat > Ask,0.7175378799438477,0.7342041730880737,False,False
